"Betweenness Dir","Bridging Dir","Centroid Dir","Closeness Dir","COMMON","Degree unDir","degree.layout","Eccentricity Dir","EigenVector Dir","gal1RGexp","gal1RGsig","gal4RGexp","gal4RGsig","gal80Rexp","gal80Rsig","InDegree","name","OutDegree","Radiality Dir","selected","shared name","Stress Dir"
"0.0","0.0","-68.0","66.0",,"65.0","65","0.5","1.0",,,,,,,"0.0","""CX3CL1""","65.0","0.001201923076923077","false","""CX3CL1""","0.0"
"4.0","0.0018924356556713326","-65.0","65.0",,"67.0","67","1.0","0.0",,,,,,,"2.0","""DRD4""","65.0","0.0012004801920768306","false","""DRD4""","8.0"
"0.0","0.0","-29.0","21.0",,"15.0","15","0.5","0.0",,,,,,,"0.0","""TBX21""","15.0","0.0011402508551881414","false","""TBX21""","0.0"
"8.5","0.04013777395072359","-25.0","21.5",,"21.0","21","0.5","0.0",,,,,,,"2.0","""IL2RB""","19.0","0.0011409013120365088","false","""IL2RB""","20.0"
"14.5","0.10159821160455108","-13.0","13.0",,"17.0","17","1.0","0.0",,,,,,,"4.0","""GZMB""","13.0","0.0011299435028248588","false","""GZMB""","32.0"
"0.0","0.0","-8.0","4.5",,"2.0","2","0.5","0.0",,,,,,,"0.0","""CA12""","2.0","0.001119194180190263","false","""CA12""","0.0"
"7.0","0.10606060606060606","-7.0","7.0",,"9.0","9","1.0","0.0",,,,,,,"2.0","""CYP24A1""","7.0","0.001122334455667789","false","""CYP24A1""","14.0"
"0.0","0.0","-35.0","34.5",,"36.0","36","0.5","0.0",,,,,,,"0.0","""UTS2""","36.0","0.0011580775911986102","false","""UTS2""","0.0"
"1.0","0.002563153248084755","-34.0","34.0",,"37.0","37","1.0","0.0",,,,,,,"2.0","""PROKR2""","35.0","0.0011574074074074073","false","""PROKR2""","2.0"
"0.0","0.0","-32.0","32.0",,"36.0","36","1.0","0.0",,,,,,,"4.0","""MLNR""","32.0","0.0011547344110854503","false","""MLNR""","0.0"
"0.0","0.0","-48.0","29.5",,"12.0","12","0.5","0.0",,,,,,,"0.0","""NGFR""","12.0","0.0011514104778353484","false","""NGFR""","0.0"
"37.0","0.036859320261003845","-39.0","39.0",,"41.0","41","1.0","0.0",,,,,,,"2.0","""HGF""","39.0","0.0011641443538998836","false","""HGF""","74.0"
"0.0","0.0","-18.0","17.5",,"18.0","18","0.5","0.0",,,,,,,"0.0","""ITGB4""","18.0","0.001135718341851221","false","""ITGB4""","0.0"
"1.0","0.051428571428571435","-5.0","5.0",,"7.0","7","1.0","0.0",,,,,,,"2.0","""ITGB8""","5.0","0.0011198208286674132","false","""ITGB8""","2.0"
"0.0","0.0","-16.0","15.0",,"15.0","15","0.5","0.0",,,,,,,"0.0","""RHOV""","15.0","0.0011325028312570782","false","""RHOV""","0.0"
"2.0","0.15189873417721517","-3.0","3.0",,"5.0","5","1.0","0.0",,,,,,,"2.0","""CHN2""","3.0","0.0011173184357541898","false","""CHN2""","4.0"
"0.0","0.0","-4.0","4.0",,"4.0","4","1.0","0.0",,,,,,,"0.0","""CKM""","4.0","0.0011185682326621924","false","""CKM""","0.0"
"0.0","0.0","0.0","0.0",,"1.0","1","0.0","0.0",,,,,,,"1.0","""LDHAL6B""","0.0","0.0011135857461024498","false","""LDHAL6B""","0.0"
"0.0","0.0","0.0","0.0",,"1.0","1","0.0","0.0",,,,,,,"1.0","""SH3GL2""","0.0","0.0011135857461024498","false","""SH3GL2""","0.0"
"0.0","0.0","-22.0","22.0",,"22.0","22","1.0","0.0",,,,,,,"0.0","""DCN""","22.0","0.001141552511415525","false","""DCN""","0.0"
"0.0","0.0","0.0","0.0",,"2.0","2","0.0","0.0",,,,,,,"2.0","""IGF2""","0.0","0.0011135857461024498","false","""IGF2""","0.0"
"0.0","0.0","-3.0","3.0",,"3.0","3","1.0","0.0",,,,,,,"0.0","""DKK4""","3.0","0.0011173184357541898","false","""DKK4""","0.0"
"0.0","0.0","0.0","0.0",,"1.0","1","0.0","0.0",,,,,,,"1.0","""KREMEN2""","0.0","0.0011135857461024498","false","""KREMEN2""","0.0"
"0.0","0.0","0.0","0.0",,"3.0","3","0.0","0.0",,,,,,,"3.0","""TACR1""","0.0","0.0011135857461024498","false","""TACR1""","0.0"
"0.0","0.0","0.0","0.0",,"4.0","4","0.0","0.0",,,,,,,"4.0","""AVP""","0.0","0.0011135857461024498","false","""AVP""","0.0"
"0.0","0.0","-18.0","18.0",,"18.0","18","1.0","0.0",,,,,,,"0.0","""SCT""","18.0","0.0011363636363636363","false","""SCT""","0.0"
"0.0","0.0","0.0","0.0",,"1.0","1","0.0","0.0",,,,,,,"1.0","""AVPR2""","0.0","0.0011135857461024498","false","""AVPR2""","0.0"
"0.0","0.0","-9.0","9.0",,"9.0","9","1.0","0.0",,,,,,,"0.0","""SFRP1""","9.0","0.0011248593925759281","false","""SFRP1""","0.0"
"0.0","0.0","0.0","0.0",,"1.0","1","0.0","0.0",,,,,,,"1.0","""WNT5A""","0.0","0.0011135857461024498","false","""WNT5A""","0.0"
"0.0","0.0","-6.0","6.0",,"6.0","6","1.0","0.0",,,,,,,"0.0","""STX1B""","6.0","0.0011210762331838565","false","""STX1B""","0.0"
"0.0","0.0","0.0","0.0",,"1.0","1","0.0","0.0",,,,,,,"1.0","""SYT1""","0.0","0.0011135857461024498","false","""SYT1""","0.0"
"0.0","0.0","0.0","0.0",,"2.0","2","0.0","0.0",,,,,,,"2.0","""CHRM2""","0.0","0.0011135857461024498","false","""CHRM2""","0.0"
"0.0","0.0","0.0","0.0",,"1.0","1","0.0","0.0",,,,,,,"1.0","""SH3GL3""","0.0","0.0011135857461024498","false","""SH3GL3""","0.0"
"0.0","0.0","0.0","0.0",,"3.0","3","0.0","0.0",,,,,,,"3.0","""AGTR1""","0.0","0.0011135857461024498","false","""AGTR1""","0.0"
"0.0","0.0","0.0","0.0",,"3.0","3","0.0","0.0",,,,,,,"3.0","""GRPR""","0.0","0.0011135857461024498","false","""GRPR""","0.0"
"0.0","0.0","-24.0","24.0",,"24.0","24","1.0","0.0",,,,,,,"0.0","""USP18""","24.0","0.0011441647597254005","false","""USP18""","0.0"
"0.0","0.0","0.0","0.0",,"1.0","1","0.0","0.0",,,,,,,"1.0","""IRF7""","0.0","0.0011135857461024498","false","""IRF7""","0.0"
"0.0","0.0","0.0","0.0",,"1.0","1","0.0","0.0",,,,,,,"1.0","""IFIT3""","0.0","0.0011135857461024498","false","""IFIT3""","0.0"
"0.0","0.0","-10.0","10.0",,"10.0","10","1.0","0.0",,,,,,,"0.0","""FGF20""","10.0","0.0011261261261261261","false","""FGF20""","0.0"
"0.0","0.0","0.0","0.0",,"1.0","1","0.0","0.0",,,,,,,"1.0","""FGF9""","0.0","0.0011135857461024498","false","""FGF9""","0.0"
"0.0","0.0","-2.0","2.0",,"2.0","2","1.0","0.0",,,,,,,"0.0","""HSD17B2""","2.0","0.0011160714285714285","false","""HSD17B2""","0.0"
"0.0","0.0","0.0","0.0",,"1.0","1","0.0","0.0",,,,,,,"1.0","""UGT2B17""","0.0","0.0011135857461024498","false","""UGT2B17""","0.0"
"0.0","0.0","-22.0","22.0",,"22.0","22","1.0","0.0",,,,,,,"0.0","""TMEM132A""","22.0","0.001141552511415525","false","""TMEM132A""","0.0"
"0.0","0.0","0.0","0.0",,"1.0","1","0.0","0.0",,,,,,,"1.0","""TNC""","0.0","0.0011135857461024498","false","""TNC""","0.0"
"0.0","0.0","0.0","0.0",,"2.0","2","0.0","0.0",,,,,,,"2.0","""MSLN""","0.0","0.0011135857461024498","false","""MSLN""","0.0"
"0.0","0.0","-22.0","22.0",,"22.0","22","1.0","0.0",,,,,,,"0.0","""PRSS21""","22.0","0.001141552511415525","false","""PRSS21""","0.0"
"0.0","0.0","-7.0","7.0",,"7.0","7","1.0","0.0",,,,,,,"0.0","""LRRC7""","7.0","0.001122334455667789","false","""LRRC7""","0.0"
"0.0","0.0","0.0","0.0",,"1.0","1","0.0","0.0",,,,,,,"1.0","""FRK""","0.0","0.0011135857461024498","false","""FRK""","0.0"
"0.0","0.0","0.0","0.0",,"2.0","2","0.0","0.0",,,,,,,"2.0","""FBN1""","0.0","0.0011135857461024498","false","""FBN1""","0.0"
"0.0","0.0","0.0","0.0",,"1.0","1","0.0","0.0",,,,,,,"1.0","""NOTUM""","0.0","0.0011135857461024498","false","""NOTUM""","0.0"
"0.0","0.0","0.0","0.0",,"3.0","3","0.0","0.0",,,,,,,"3.0","""C3""","0.0","0.0011135857461024498","false","""C3""","0.0"
"0.0","0.0","0.0","0.0",,"1.0","1","0.0","0.0",,,,,,,"1.0","""PRSS23""","0.0","0.0011135857461024498","false","""PRSS23""","0.0"
"0.0","0.0","0.0","0.0",,"3.0","3","0.0","0.0",,,,,,,"3.0","""ALB""","0.0","0.0011135857461024498","false","""ALB""","0.0"
"0.0","0.0","-4.0","4.0",,"4.0","4","1.0","0.0",,,,,,,"0.0","""SLC10A1""","4.0","0.0011185682326621924","false","""SLC10A1""","0.0"
"0.0","0.0","0.0","0.0",,"1.0","1","0.0","0.0",,,,,,,"1.0","""ITIH2""","0.0","0.0011135857461024498","false","""ITIH2""","0.0"
"0.0","0.0","0.0","0.0",,"1.0","1","0.0","0.0",,,,,,,"1.0","""EVA1A""","0.0","0.0011135857461024498","false","""EVA1A""","0.0"
"0.0","0.0","0.0","0.0",,"1.0","1","0.0","0.0",,,,,,,"1.0","""IGFBP5""","0.0","0.0011135857461024498","false","""IGFBP5""","0.0"
"0.0","0.0","0.0","0.0",,"1.0","1","0.0","0.0",,,,,,,"1.0","""PLG""","0.0","0.0011135857461024498","false","""PLG""","0.0"
"0.0","0.0","0.0","0.0",,"3.0","3","0.0","0.0",,,,,,,"3.0","""FGF23""","0.0","0.0011135857461024498","false","""FGF23""","0.0"
"0.0","0.0","0.0","0.0",,"2.0","2","0.0","0.0",,,,,,,"2.0","""SPP1""","0.0","0.0011135857461024498","false","""SPP1""","0.0"
"0.0","0.0","0.0","0.0",,"1.0","1","0.0","0.0",,,,,,,"1.0","""DMP1""","0.0","0.0011135857461024498","false","""DMP1""","0.0"
"0.0","0.0","0.0","0.0",,"1.0","1","0.0","0.0",,,,,,,"1.0","""CDH2""","0.0","0.0011135857461024498","false","""CDH2""","0.0"
"0.0","0.0","0.0","0.0",,"1.0","1","0.0","0.0",,,,,,,"1.0","""PROC""","0.0","0.0011135857461024498","false","""PROC""","0.0"
"0.0","0.0","0.0","0.0",,"1.0","1","0.0","0.0",,,,,,,"1.0","""IGFBP3""","0.0","0.0011135857461024498","false","""IGFBP3""","0.0"
"0.0","0.0","0.0","0.0",,"1.0","1","0.0","0.0",,,,,,,"1.0","""SPARCL1""","0.0","0.0011135857461024498","false","""SPARCL1""","0.0"
"0.0","0.0","0.0","0.0",,"1.0","1","0.0","0.0",,,,,,,"1.0","""CSF1""","0.0","0.0011135857461024498","false","""CSF1""","0.0"
"0.0","0.0","0.0","0.0",,"3.0","3","0.0","0.0",,,,,,,"3.0","""PENK""","0.0","0.0011135857461024498","false","""PENK""","0.0"
"0.0","0.0","0.0","0.0",,"1.0","1","0.0","0.0",,,,,,,"1.0","""CCN1""","0.0","0.0011135857461024498","false","""CCN1""","0.0"
"0.0","0.0","-3.0","3.0",,"3.0","3","1.0","0.0",,,,,,,"0.0","""EPX""","3.0","0.0011173184357541898","false","""EPX""","0.0"
"0.0","0.0","0.0","0.0",,"1.0","1","0.0","0.0",,,,,,,"1.0","""RNASE3""","0.0","0.0011135857461024498","false","""RNASE3""","0.0"
"0.0","0.0","0.0","0.0",,"3.0","3","0.0","0.0",,,,,,,"3.0","""LAMB2""","0.0","0.0011135857461024498","false","""LAMB2""","0.0"
"0.0","0.0","0.0","0.0",,"1.0","1","0.0","0.0",,,,,,,"1.0","""RNASE2""","0.0","0.0011135857461024498","false","""RNASE2""","0.0"
"0.0","0.0","0.0","0.0",,"5.0","5","0.0","0.0",,,,,,,"5.0","""FN1""","0.0","0.0011135857461024498","false","""FN1""","0.0"
"0.0","0.0","-1.0","1.0",,"1.0","1","1.0","0.0",,,,,,,"0.0","""FAP""","1.0","0.0011148272017837235","false","""FAP""","0.0"
"0.0","0.0","-4.0","4.0",,"4.0","4","1.0","0.0",,,,,,,"0.0","""CEACAM6""","4.0","0.0011185682326621924","false","""CEACAM6""","0.0"
"0.0","0.0","0.0","0.0",,"3.0","3","0.0","0.0",,,,,,,"3.0","""SDC1""","0.0","0.0011135857461024498","false","""SDC1""","0.0"
"0.0","0.0","0.0","0.0",,"1.0","1","0.0","0.0",,,,,,,"1.0","""AGRN""","0.0","0.0011135857461024498","false","""AGRN""","0.0"
"0.0","0.0","0.0","0.0",,"1.0","1","0.0","0.0",,,,,,,"1.0","""GPC5""","0.0","0.0011135857461024498","false","""GPC5""","0.0"
"0.0","0.0","0.0","0.0",,"1.0","1","0.0","0.0",,,,,,,"1.0","""TNS4""","0.0","0.0011135857461024498","false","""TNS4""","0.0"
"0.0","0.0","0.0","0.0",,"1.0","1","0.0","0.0",,,,,,,"1.0","""GPC1""","0.0","0.0011135857461024498","false","""GPC1""","0.0"
"0.0","0.0","0.0","0.0",,"1.0","1","0.0","0.0",,,,,,,"1.0","""RORC""","0.0","0.0011135857461024498","false","""RORC""","0.0"
"0.0","0.0","0.0","0.0",,"2.0","2","0.0","0.0",,,,,,,"2.0","""RHOD""","0.0","0.0011135857461024498","false","""RHOD""","0.0"
"0.0","0.0","-11.0","11.0",,"11.0","11","1.0","0.0",,,,,,,"0.0","""NTN1""","11.0","0.0011273957158962795","false","""NTN1""","0.0"
"0.0","0.0","0.0","0.0",,"1.0","1","0.0","0.0",,,,,,,"1.0","""UNC5A""","0.0","0.0011135857461024498","false","""UNC5A""","0.0"
"0.0","0.0","0.0","0.0",,"2.0","2","0.0","0.0",,,,,,,"2.0","""CDH1""","0.0","0.0011135857461024498","false","""CDH1""","0.0"
"0.0","0.0","0.0","0.0",,"3.0","3","0.0","0.0",,,,,,,"3.0","""MET""","0.0","0.0011135857461024498","false","""MET""","0.0"
"0.0","0.0","0.0","0.0",,"2.0","2","0.0","0.0",,,,,,,"2.0","""SLIT1""","0.0","0.0011135857461024498","false","""SLIT1""","0.0"
"0.0","0.0","-1.0","1.0",,"1.0","1","1.0","0.0",,,,,,,"0.0","""HOXA2""","1.0","0.0011148272017837235","false","""HOXA2""","0.0"
"0.0","0.0","0.0","0.0",,"3.0","3","0.0","0.0",,,,,,,"3.0","""BDNF""","0.0","0.0011135857461024498","false","""BDNF""","0.0"
"0.0","0.0","0.0","0.0",,"1.0","1","0.0","0.0",,,,,,,"1.0","""DSCAM""","0.0","0.0011135857461024498","false","""DSCAM""","0.0"
"0.0","0.0","0.0","0.0",,"1.0","1","0.0","0.0",,,,,,,"1.0","""NEO1""","0.0","0.0011135857461024498","false","""NEO1""","0.0"
"0.0","0.0","0.0","0.0",,"4.0","4","0.0","0.0",,,,,,,"4.0","""VEGFA""","0.0","0.0011135857461024498","false","""VEGFA""","0.0"
"0.0","0.0","-8.0","8.0",,"8.0","8","1.0","0.0",,,,,,,"0.0","""OSM""","8.0","0.0011235955056179776","false","""OSM""","0.0"
"0.0","0.0","0.0","0.0",,"1.0","1","0.0","0.0",,,,,,,"1.0","""EFNA5""","0.0","0.0011135857461024498","false","""EFNA5""","0.0"
"0.0","0.0","0.0","0.0",,"1.0","1","0.0","0.0",,,,,,,"1.0","""EPHA2""","0.0","0.0011135857461024498","false","""EPHA2""","0.0"
"0.0","0.0","0.0","0.0",,"1.0","1","0.0","0.0",,,,,,,"1.0","""MAG""","0.0","0.0011135857461024498","false","""MAG""","0.0"
"0.0","0.0","0.0","0.0",,"4.0","4","0.0","0.0",,,,,,,"4.0","""IFNG""","0.0","0.0011135857461024498","false","""IFNG""","0.0"
"0.0","0.0","0.0","0.0",,"5.0","5","0.0","0.0",,,,,,,"5.0","""CASR""","0.0","0.0011135857461024498","false","""CASR""","0.0"
"0.0","0.0","0.0","0.0",,"4.0","4","0.0","0.0",,,,,,,"4.0","""IL4""","0.0","0.0011135857461024498","false","""IL4""","0.0"
"0.0","0.0","-8.0","8.0",,"8.0","8","1.0","0.0",,,,,,,"0.0","""CCL22""","8.0","0.0011235955056179776","false","""CCL22""","0.0"
"0.0","0.0","0.0","0.0",,"1.0","1","0.0","0.0",,,,,,,"1.0","""VIP""","0.0","0.0011135857461024498","false","""VIP""","0.0"
"0.0","0.0","-4.0","4.0",,"4.0","4","1.0","0.0",,,,,,,"0.0","""MYO15A""","4.0","0.0011185682326621924","false","""MYO15A""","0.0"
"0.0","0.0","0.0","0.0",,"2.0","2","0.0","0.0",,,,,,,"2.0","""SLC26A4""","0.0","0.0011135857461024498","false","""SLC26A4""","0.0"
"0.0","0.0","-1.0","1.0",,"1.0","1","1.0","0.0",,,,,,,"0.0","""SLC5A5""","1.0","0.0011148272017837235","false","""SLC5A5""","0.0"
"0.0","0.0","0.0","0.0",,"3.0","3","0.0","0.0",,,,,,,"3.0","""P2RY2""","0.0","0.0011135857461024498","false","""P2RY2""","0.0"
"0.0","0.0","0.0","0.0",,"2.0","2","0.0","0.0",,,,,,,"2.0","""FGFR2""","0.0","0.0011135857461024498","false","""FGFR2""","0.0"
"0.0","0.0","-1.0","1.0",,"1.0","1","1.0","0.0",,,,,,,"0.0","""FA2H""","1.0","0.0011148272017837235","false","""FA2H""","0.0"
"0.0","0.0","0.0","0.0",,"1.0","1","0.0","0.0",,,,,,,"1.0","""SCD5""","0.0","0.0011135857461024498","false","""SCD5""","0.0"
"0.0","0.0","0.0","0.0",,"1.0","1","0.0","0.0",,,,,,,"1.0","""CYP19A1""","0.0","0.0011135857461024498","false","""CYP19A1""","0.0"
"0.0","0.0","0.0","0.0",,"1.0","1","0.0","0.0",,,,,,,"1.0","""ISG15""","0.0","0.0011135857461024498","false","""ISG15""","0.0"
"0.0","0.0","-8.0","8.0",,"8.0","8","1.0","0.0",,,,,,,"0.0","""GCK""","8.0","0.0011235955056179776","false","""GCK""","0.0"
"0.0","0.0","0.0","0.0",,"1.0","1","0.0","0.0",,,,,,,"1.0","""PCK1""","0.0","0.0011135857461024498","false","""PCK1""","0.0"
"0.0","0.0","0.0","0.0",,"1.0","1","0.0","0.0",,,,,,,"1.0","""TMC1""","0.0","0.0011135857461024498","false","""TMC1""","0.0"
"0.0","0.0","-5.0","5.0",,"5.0","5","1.0","0.0",,,,,,,"0.0","""TRPM5""","5.0","0.0011198208286674132","false","""TRPM5""","0.0"
"0.0","0.0","0.0","0.0",,"1.0","1","0.0","0.0",,,,,,,"1.0","""TRPV6""","0.0","0.0011135857461024498","false","""TRPV6""","0.0"
"0.0","0.0","0.0","0.0",,"1.0","1","0.0","0.0",,,,,,,"1.0","""ABCC8""","0.0","0.0011135857461024498","false","""ABCC8""","0.0"
"0.0","0.0","0.0","0.0",,"1.0","1","0.0","0.0",,,,,,,"1.0","""OTOF""","0.0","0.0011135857461024498","false","""OTOF""","0.0"
"0.0","0.0","0.0","0.0",,"1.0","1","0.0","0.0",,,,,,,"1.0","""TMPRSS3""","0.0","0.0011135857461024498","false","""TMPRSS3""","0.0"
"0.0","0.0","-3.0","3.0",,"3.0","3","1.0","0.0",,,,,,,"0.0","""CTTNBP2""","3.0","0.0011173184357541898","false","""CTTNBP2""","0.0"
"0.0","0.0","0.0","0.0",,"1.0","1","0.0","0.0",,,,,,,"1.0","""HTR3A""","0.0","0.0011135857461024498","false","""HTR3A""","0.0"
"0.0","0.0","0.0","0.0",,"2.0","2","0.0","0.0",,,,,,,"2.0","""HTR5A""","0.0","0.0011135857461024498","false","""HTR5A""","0.0"
"0.0","0.0","0.0","0.0",,"1.0","1","0.0","0.0",,,,,,,"1.0","""SYNGR1""","0.0","0.0011135857461024498","false","""SYNGR1""","0.0"
"0.0","0.0","0.0","0.0",,"1.0","1","0.0","0.0",,,,,,,"1.0","""WNT4""","0.0","0.0011135857461024498","false","""WNT4""","0.0"
"0.0","0.0","0.0","0.0",,"1.0","1","0.0","0.0",,,,,,,"1.0","""WNT2""","0.0","0.0011135857461024498","false","""WNT2""","0.0"
"0.0","0.0","-2.0","2.0",,"2.0","2","1.0","0.0",,,,,,,"0.0","""CELSR3""","2.0","0.0011160714285714285","false","""CELSR3""","0.0"
"0.0","0.0","0.0","0.0",,"1.0","1","0.0","0.0",,,,,,,"1.0","""PRICKLE2""","0.0","0.0011135857461024498","false","""PRICKLE2""","0.0"
"0.0","0.0","0.0","0.0",,"1.0","1","0.0","0.0",,,,,,,"1.0","""WNT7A""","0.0","0.0011135857461024498","false","""WNT7A""","0.0"
"0.0","0.0","0.0","0.0",,"1.0","1","0.0","0.0",,,,,,,"1.0","""FZD9""","0.0","0.0011135857461024498","false","""FZD9""","0.0"
"0.0","0.0","0.0","0.0",,"1.0","1","0.0","0.0",,,,,,,"1.0","""FZD7""","0.0","0.0011135857461024498","false","""FZD7""","0.0"
"0.0","0.0","0.0","0.0",,"2.0","2","0.0","0.0",,,,,,,"2.0","""WNT8B""","0.0","0.0011135857461024498","false","""WNT8B""","0.0"
"0.0","0.0","0.0","0.0",,"1.0","1","0.0","0.0",,,,,,,"1.0","""NTRK3""","0.0","0.0011135857461024498","false","""NTRK3""","0.0"
"0.0","0.0","0.0","0.0",,"1.0","1","0.0","0.0",,,,,,,"1.0","""FZD6""","0.0","0.0011135857461024498","false","""FZD6""","0.0"
"0.0","0.0","-2.0","2.0",,"2.0","2","1.0","0.0",,,,,,,"0.0","""DLL3""","2.0","0.0011160714285714285","false","""DLL3""","0.0"
"0.0","0.0","0.0","0.0",,"1.0","1","0.0","0.0",,,,,,,"1.0","""NOTCH3""","0.0","0.0011135857461024498","false","""NOTCH3""","0.0"
"0.0","0.0","0.0","0.0",,"1.0","1","0.0","0.0",,,,,,,"1.0","""CPVL""","0.0","0.0011135857461024498","false","""CPVL""","0.0"
"0.0","0.0","0.0","0.0",,"1.0","1","0.0","0.0",,,,,,,"1.0","""GPIHBP1""","0.0","0.0011135857461024498","false","""GPIHBP1""","0.0"
"0.0","0.0","0.0","0.0",,"1.0","1","0.0","0.0",,,,,,,"1.0","""ART4""","0.0","0.0011135857461024498","false","""ART4""","0.0"
"0.0","0.0","0.0","0.0",,"1.0","1","0.0","0.0",,,,,,,"1.0","""LYPD4""","0.0","0.0011135857461024498","false","""LYPD4""","0.0"
"0.0","0.0","0.0","0.0",,"1.0","1","0.0","0.0",,,,,,,"1.0","""RTN4RL1""","0.0","0.0011135857461024498","false","""RTN4RL1""","0.0"
"0.0","0.0","0.0","0.0",,"1.0","1","0.0","0.0",,,,,,,"1.0","""TEX101""","0.0","0.0011135857461024498","false","""TEX101""","0.0"
"0.0","0.0","0.0","0.0",,"1.0","1","0.0","0.0",,,,,,,"1.0","""LY6E""","0.0","0.0011135857461024498","false","""LY6E""","0.0"
"0.0","0.0","0.0","0.0",,"1.0","1","0.0","0.0",,,,,,,"1.0","""LYPD8""","0.0","0.0011135857461024498","false","""LYPD8""","0.0"
"0.0","0.0","0.0","0.0",,"2.0","2","0.0","0.0",,,,,,,"2.0","""JUP""","0.0","0.0011135857461024498","false","""JUP""","0.0"
"0.0","0.0","0.0","0.0",,"1.0","1","0.0","0.0",,,,,,,"1.0","""PSCA""","0.0","0.0011135857461024498","false","""PSCA""","0.0"
"0.0","0.0","0.0","0.0",,"1.0","1","0.0","0.0",,,,,,,"1.0","""ULBP2""","0.0","0.0011135857461024498","false","""ULBP2""","0.0"
"0.0","0.0","0.0","0.0",,"1.0","1","0.0","0.0",,,,,,,"1.0","""NEGR1""","0.0","0.0011135857461024498","false","""NEGR1""","0.0"
"0.0","0.0","0.0","0.0",,"1.0","1","0.0","0.0",,,,,,,"1.0","""PLET1""","0.0","0.0011135857461024498","false","""PLET1""","0.0"
"0.0","0.0","0.0","0.0",,"1.0","1","0.0","0.0",,,,,,,"1.0","""TECTB""","0.0","0.0011135857461024498","false","""TECTB""","0.0"
"0.0","0.0","0.0","0.0",,"1.0","1","0.0","0.0",,,,,,,"1.0","""LYPD1""","0.0","0.0011135857461024498","false","""LYPD1""","0.0"
"0.0","0.0","0.0","0.0",,"1.0","1","0.0","0.0",,,,,,,"1.0","""CNTN3""","0.0","0.0011135857461024498","false","""CNTN3""","0.0"
"0.0","0.0","0.0","0.0",,"1.0","1","0.0","0.0",,,,,,,"1.0","""LY6K""","0.0","0.0011135857461024498","false","""LY6K""","0.0"
"0.0","0.0","0.0","0.0",,"1.0","1","0.0","0.0",,,,,,,"1.0","""LYPD2""","0.0","0.0011135857461024498","false","""LYPD2""","0.0"
"0.0","0.0","0.0","0.0",,"1.0","1","0.0","0.0",,,,,,,"1.0","""MDGA1""","0.0","0.0011135857461024498","false","""MDGA1""","0.0"
"0.0","0.0","0.0","0.0",,"1.0","1","0.0","0.0",,,,,,,"1.0","""MDGA2""","0.0","0.0011135857461024498","false","""MDGA2""","0.0"
"0.0","0.0","0.0","0.0",,"1.0","1","0.0","0.0",,,,,,,"1.0","""NRN1""","0.0","0.0011135857461024498","false","""NRN1""","0.0"
"0.0","0.0","0.0","0.0",,"1.0","1","0.0","0.0",,,,,,,"1.0","""RTN4RL2""","0.0","0.0011135857461024498","false","""RTN4RL2""","0.0"
"0.0","0.0","0.0","0.0",,"1.0","1","0.0","0.0",,,,,,,"1.0","""TECTA""","0.0","0.0011135857461024498","false","""TECTA""","0.0"
"0.0","0.0","0.0","0.0",,"1.0","1","0.0","0.0",,,,,,,"1.0","""PRL""","0.0","0.0011135857461024498","false","""PRL""","0.0"
"0.0","0.0","0.0","0.0",,"1.0","1","0.0","0.0",,,,,,,"1.0","""LCT""","0.0","0.0011135857461024498","false","""LCT""","0.0"
"0.0","0.0","-5.0","5.0",,"5.0","5","1.0","0.0",,,,,,,"0.0","""HOXA6""","5.0","0.0011198208286674132","false","""HOXA6""","0.0"
"0.0","0.0","0.0","0.0",,"1.0","1","0.0","0.0",,,,,,,"1.0","""HOXA3""","0.0","0.0011135857461024498","false","""HOXA3""","0.0"
"0.0","0.0","0.0","0.0",,"1.0","1","0.0","0.0",,,,,,,"1.0","""HOXA7""","0.0","0.0011135857461024498","false","""HOXA7""","0.0"
"0.0","0.0","0.0","0.0",,"3.0","3","0.0","0.0",,,,,,,"3.0","""IL5""","0.0","0.0011135857461024498","false","""IL5""","0.0"
"0.0","0.0","0.0","0.0",,"2.0","2","0.0","0.0",,,,,,,"2.0","""TAS2R19""","0.0","0.0011135857461024498","false","""TAS2R19""","0.0"
"0.0","0.0","0.0","0.0",,"2.0","2","0.0","0.0",,,,,,,"2.0","""OPRM1""","0.0","0.0011135857461024498","false","""OPRM1""","0.0"
"0.0","0.0","0.0","0.0",,"2.0","2","0.0","0.0",,,,,,,"2.0","""ADRA2A""","0.0","0.0011135857461024498","false","""ADRA2A""","0.0"
"0.0","0.0","0.0","0.0",,"2.0","2","0.0","0.0",,,,,,,"2.0","""GPR31""","0.0","0.0011135857461024498","false","""GPR31""","0.0"
"0.0","0.0","0.0","0.0",,"2.0","2","0.0","0.0",,,,,,,"2.0","""PDYN""","0.0","0.0011135857461024498","false","""PDYN""","0.0"
"0.0","0.0","0.0","0.0",,"3.0","3","0.0","0.0",,,,,,,"3.0","""XCL1""","0.0","0.0011135857461024498","false","""XCL1""","0.0"
"0.0","0.0","0.0","0.0",,"2.0","2","0.0","0.0",,,,,,,"2.0","""OXER1""","0.0","0.0011135857461024498","false","""OXER1""","0.0"
"0.0","0.0","0.0","0.0",,"2.0","2","0.0","0.0",,,,,,,"2.0","""TAS2R30""","0.0","0.0011135857461024498","false","""TAS2R30""","0.0"
"0.0","0.0","0.0","0.0",,"2.0","2","0.0","0.0",,,,,,,"2.0","""SSTR2""","0.0","0.0011135857461024498","false","""SSTR2""","0.0"
"0.0","0.0","0.0","0.0",,"2.0","2","0.0","0.0",,,,,,,"2.0","""CHRM4""","0.0","0.0011135857461024498","false","""CHRM4""","0.0"
"0.0","0.0","0.0","0.0",,"2.0","2","0.0","0.0",,,,,,,"2.0","""RXFP4""","0.0","0.0011135857461024498","false","""RXFP4""","0.0"
"0.0","0.0","0.0","0.0",,"2.0","2","0.0","0.0",,,,,,,"2.0","""CXCL11""","0.0","0.0011135857461024498","false","""CXCL11""","0.0"
"0.0","0.0","0.0","0.0",,"2.0","2","0.0","0.0",,,,,,,"2.0","""SSTR4""","0.0","0.0011135857461024498","false","""SSTR4""","0.0"
"0.0","0.0","0.0","0.0",,"2.0","2","0.0","0.0",,,,,,,"2.0","""NPBWR1""","0.0","0.0011135857461024498","false","""NPBWR1""","0.0"
"0.0","0.0","0.0","0.0",,"2.0","2","0.0","0.0",,,,,,,"2.0","""APLN""","0.0","0.0011135857461024498","false","""APLN""","0.0"
"0.0","0.0","0.0","0.0",,"5.0","5","0.0","0.0",,,,,,,"5.0","""FGF2""","0.0","0.0011135857461024498","false","""FGF2""","0.0"
"0.0","0.0","0.0","0.0",,"3.0","3","0.0","0.0",,,,,,,"3.0","""MTNR1B""","0.0","0.0011135857461024498","false","""MTNR1B""","0.0"
"0.0","0.0","0.0","0.0",,"2.0","2","0.0","0.0",,,,,,,"2.0","""HTR1F""","0.0","0.0011135857461024498","false","""HTR1F""","0.0"
"0.0","0.0","0.0","0.0",,"3.0","3","0.0","0.0",,,,,,,"3.0","""CCR2""","0.0","0.0011135857461024498","false","""CCR2""","0.0"
"0.0","0.0","0.0","0.0",,"2.0","2","0.0","0.0",,,,,,,"2.0","""CCL25""","0.0","0.0011135857461024498","false","""CCL25""","0.0"
"0.0","0.0","0.0","0.0",,"2.0","2","0.0","0.0",,,,,,,"2.0","""TAS2R4""","0.0","0.0011135857461024498","false","""TAS2R4""","0.0"
"0.0","0.0","0.0","0.0",,"2.0","2","0.0","0.0",,,,,,,"2.0","""GALR2""","0.0","0.0011135857461024498","false","""GALR2""","0.0"
"0.0","0.0","0.0","0.0",,"2.0","2","0.0","0.0",,,,,,,"2.0","""TAS2R39""","0.0","0.0011135857461024498","false","""TAS2R39""","0.0"
"0.0","0.0","0.0","0.0",,"4.0","4","0.0","0.0",,,,,,,"4.0","""CCR5""","0.0","0.0011135857461024498","false","""CCR5""","0.0"
"0.0","0.0","0.0","0.0",,"1.0","1","0.0","0.0",,,,,,,"1.0","""MAP1B""","0.0","0.0011135857461024498","false","""MAP1B""","0.0"
"0.0","0.0","0.0","0.0",,"2.0","2","0.0","0.0",,,,,,,"2.0","""TAS2R3""","0.0","0.0011135857461024498","false","""TAS2R3""","0.0"
"0.0","0.0","0.0","0.0",,"2.0","2","0.0","0.0",,,,,,,"2.0","""S1PR5""","0.0","0.0011135857461024498","false","""S1PR5""","0.0"
"0.0","0.0","0.0","0.0",,"6.0","6","0.0","0.0",,,,,,,"6.0","""GNG12""","0.0","0.0011135857461024498","false","""GNG12""","0.0"
"0.0","0.0","0.0","0.0",,"2.0","2","0.0","0.0",,,,,,,"2.0","""P2RY14""","0.0","0.0011135857461024498","false","""P2RY14""","0.0"
"0.0","0.0","0.0","0.0",,"2.0","2","0.0","0.0",,,,,,,"2.0","""PTGDR2""","0.0","0.0011135857461024498","false","""PTGDR2""","0.0"
"0.0","0.0","0.0","0.0",,"2.0","2","0.0","0.0",,,,,,,"2.0","""CSF1R""","0.0","0.0011135857461024498","false","""CSF1R""","0.0"
"0.0","0.0","0.0","0.0",,"2.0","2","0.0","0.0",,,,,,,"2.0","""PTGER3""","0.0","0.0011135857461024498","false","""PTGER3""","0.0"
"0.0","0.0","0.0","0.0",,"2.0","2","0.0","0.0",,,,,,,"2.0","""SSTR3""","0.0","0.0011135857461024498","false","""SSTR3""","0.0"
"0.0","0.0","0.0","0.0",,"2.0","2","0.0","0.0",,,,,,,"2.0","""OXGR1""","0.0","0.0011135857461024498","false","""OXGR1""","0.0"
"0.0","0.0","0.0","0.0",,"2.0","2","0.0","0.0",,,,,,,"2.0","""ADORA1""","0.0","0.0011135857461024498","false","""ADORA1""","0.0"
"0.0","0.0","0.0","0.0",,"1.0","1","0.0","0.0",,,,,,,"1.0","""CCL24""","0.0","0.0011135857461024498","false","""CCL24""","0.0"
"0.0","0.0","0.0","0.0",,"2.0","2","0.0","0.0",,,,,,,"2.0","""HRH4""","0.0","0.0011135857461024498","false","""HRH4""","0.0"
"0.0","0.0","0.0","0.0",,"5.0","5","0.0","0.0",,,,,,,"5.0","""PMCH""","0.0","0.0011135857461024498","false","""PMCH""","0.0"
"0.0","0.0","0.0","0.0",,"2.0","2","0.0","0.0",,,,,,,"2.0","""ADRA2B""","0.0","0.0011135857461024498","false","""ADRA2B""","0.0"
"0.0","0.0","0.0","0.0",,"2.0","2","0.0","0.0",,,,,,,"2.0","""GPER1""","0.0","0.0011135857461024498","false","""GPER1""","0.0"
"0.0","0.0","0.0","0.0",,"3.0","3","0.0","0.0",,,,,,,"3.0","""CCL19""","0.0","0.0011135857461024498","false","""CCL19""","0.0"
"0.0","0.0","0.0","0.0",,"2.0","2","0.0","0.0",,,,,,,"2.0","""NPB""","0.0","0.0011135857461024498","false","""NPB""","0.0"
"0.0","0.0","0.0","0.0",,"3.0","3","0.0","0.0",,,,,,,"3.0","""TAS1R3""","0.0","0.0011135857461024498","false","""TAS1R3""","0.0"
"0.0","0.0","0.0","0.0",,"2.0","2","0.0","0.0",,,,,,,"2.0","""GPR37L1""","0.0","0.0011135857461024498","false","""GPR37L1""","0.0"
"0.0","0.0","0.0","0.0",,"2.0","2","0.0","0.0",,,,,,,"2.0","""P2RY4""","0.0","0.0011135857461024498","false","""P2RY4""","0.0"
"0.0","0.0","0.0","0.0",,"1.0","1","0.0","0.0",,,,,,,"1.0","""PTGS2""","0.0","0.0011135857461024498","false","""PTGS2""","0.0"
"0.0","0.0","0.0","0.0",,"1.0","1","0.0","0.0",,,,,,,"1.0","""CSF2""","0.0","0.0011135857461024498","false","""CSF2""","0.0"
"0.0","0.0","0.0","0.0",,"2.0","2","0.0","0.0",,,,,,,"2.0","""TAS2R41""","0.0","0.0011135857461024498","false","""TAS2R41""","0.0"
"0.0","0.0","0.0","0.0",,"2.0","2","0.0","0.0",,,,,,,"2.0","""GALR1""","0.0","0.0011135857461024498","false","""GALR1""","0.0"
"0.0","0.0","0.0","0.0",,"5.0","5","0.0","0.0",,,,,,,"5.0","""NMU""","0.0","0.0011135857461024498","false","""NMU""","0.0"
"0.0","0.0","0.0","0.0",,"2.0","2","0.0","0.0",,,,,,,"2.0","""TMIGD3""","0.0","0.0011135857461024498","false","""TMIGD3""","0.0"
"0.0","0.0","0.0","0.0",,"2.0","2","0.0","0.0",,,,,,,"2.0","""HCAR1""","0.0","0.0011135857461024498","false","""HCAR1""","0.0"
"0.0","0.0","0.0","0.0",,"2.0","2","0.0","0.0",,,,,,,"2.0","""GPR37""","0.0","0.0011135857461024498","false","""GPR37""","0.0"
"0.0","0.0","0.0","0.0",,"3.0","3","0.0","0.0",,,,,,,"3.0","""CCL20""","0.0","0.0011135857461024498","false","""CCL20""","0.0"
"0.0","0.0","0.0","0.0",,"2.0","2","0.0","0.0",,,,,,,"2.0","""TAS2R43""","0.0","0.0011135857461024498","false","""TAS2R43""","0.0"
"0.0","0.0","0.0","0.0",,"2.0","2","0.0","0.0",,,,,,,"2.0","""NPY2R""","0.0","0.0011135857461024498","false","""NPY2R""","0.0"
"0.0","0.0","0.0","0.0",,"3.0","3","0.0","0.0",,,,,,,"3.0","""IL13""","0.0","0.0011135857461024498","false","""IL13""","0.0"
"0.0","0.0","0.0","0.0",,"3.0","3","0.0","0.0",,,,,,,"3.0","""CXCR6""","0.0","0.0011135857461024498","false","""CXCR6""","0.0"
"0.0","0.0","0.0","0.0",,"2.0","2","0.0","0.0",,,,,,,"2.0","""GNAI1""","0.0","0.0011135857461024498","false","""GNAI1""","0.0"
"0.0","0.0","0.0","0.0",,"2.0","2","0.0","0.0",,,,,,,"2.0","""FPR3""","0.0","0.0011135857461024498","false","""FPR3""","0.0"
"0.0","0.0","0.0","0.0",,"2.0","2","0.0","0.0",,,,,,,"2.0","""CNR1""","0.0","0.0011135857461024498","false","""CNR1""","0.0"
"0.0","0.0","0.0","0.0",,"2.0","2","0.0","0.0",,,,,,,"2.0","""CORT""","0.0","0.0011135857461024498","false","""CORT""","0.0"
"0.0","0.0","0.0","0.0",,"2.0","2","0.0","0.0",,,,,,,"2.0","""GRM2""","0.0","0.0011135857461024498","false","""GRM2""","0.0"
"0.0","0.0","0.0","0.0",,"1.0","1","0.0","0.0",,,,,,,"1.0","""GPR15""","0.0","0.0011135857461024498","false","""GPR15""","0.0"
"0.0","0.0","-1.0","1.0",,"1.0","1","1.0","0.0",,,,,,,"0.0","""AQP8""","1.0","0.0011148272017837235","false","""AQP8""","0.0"
"0.0","0.0","0.0","0.0",,"1.0","1","0.0","0.0",,,,,,,"1.0","""RHBDF1""","0.0","0.0011135857461024498","false","""RHBDF1""","0.0"
"0.0","0.0","0.0","0.0",,"1.0","1","0.0","0.0",,,,,,,"1.0","""NR1I2""","0.0","0.0011135857461024498","false","""NR1I2""","0.0"
"0.0","0.0","-2.0","2.0",,"2.0","2","1.0","0.0",,,,,,,"0.0","""ACR""","2.0","0.0011160714285714285","false","""ACR""","0.0"
"0.0","0.0","0.0","0.0",,"1.0","1","0.0","0.0",,,,,,,"1.0","""ZP2""","0.0","0.0011135857461024498","false","""ZP2""","0.0"
"0.0","0.0","0.0","0.0",,"2.0","2","0.0","0.0",,,,,,,"2.0","""PARVA""","0.0","0.0011135857461024498","false","""PARVA""","0.0"
"0.0","0.0","0.0","0.0",,"2.0","2","0.0","0.0",,,,,,,"2.0","""LAMA3""","0.0","0.0011135857461024498","false","""LAMA3""","0.0"
"0.0","0.0","0.0","0.0",,"2.0","2","0.0","0.0",,,,,,,"2.0","""ITGA8""","0.0","0.0011135857461024498","false","""ITGA8""","0.0"
"0.0","0.0","0.0","0.0",,"3.0","3","0.0","0.0",,,,,,,"3.0","""LAMA4""","0.0","0.0011135857461024498","false","""LAMA4""","0.0"
"0.0","0.0","0.0","0.0",,"1.0","1","0.0","0.0",,,,,,,"1.0","""COL4A5""","0.0","0.0011135857461024498","false","""COL4A5""","0.0"
"0.0","0.0","0.0","0.0",,"3.0","3","0.0","0.0",,,,,,,"3.0","""BCAR1""","0.0","0.0011135857461024498","false","""BCAR1""","0.0"
"0.0","0.0","0.0","0.0",,"1.0","1","0.0","0.0",,,,,,,"1.0","""LAMC3""","0.0","0.0011135857461024498","false","""LAMC3""","0.0"
"0.0","0.0","0.0","0.0",,"1.0","1","0.0","0.0",,,,,,,"1.0","""COL4A3""","0.0","0.0011135857461024498","false","""COL4A3""","0.0"
"0.0","0.0","0.0","0.0",,"3.0","3","0.0","0.0",,,,,,,"3.0","""ITGA2""","0.0","0.0011135857461024498","false","""ITGA2""","0.0"
"0.0","0.0","0.0","0.0",,"1.0","1","0.0","0.0",,,,,,,"1.0","""VTN""","0.0","0.0011135857461024498","false","""VTN""","0.0"
"0.0","0.0","0.0","0.0",,"2.0","2","0.0","0.0",,,,,,,"2.0","""LAMC2""","0.0","0.0011135857461024498","false","""LAMC2""","0.0"
"0.0","0.0","-2.0","2.0",,"2.0","2","1.0","0.0",,,,,,,"0.0","""TFAP2D""","2.0","0.0011160714285714285","false","""TFAP2D""","0.0"
"0.0","0.0","0.0","0.0",,"1.0","1","0.0","0.0",,,,,,,"1.0","""KCTD1""","0.0","0.0011135857461024498","false","""KCTD1""","0.0"
"0.0","0.0","0.0","0.0",,"1.0","1","0.0","0.0",,,,,,,"1.0","""CITED1""","0.0","0.0011135857461024498","false","""CITED1""","0.0"
"0.0","0.0","0.0","0.0",,"1.0","1","0.0","0.0",,,,,,,"1.0","""ST8SIA2""","0.0","0.0011135857461024498","false","""ST8SIA2""","0.0"
"0.0","0.0","0.0","0.0",,"3.0","3","0.0","0.0",,,,,,,"3.0","""TACR2""","0.0","0.0011135857461024498","false","""TACR2""","0.0"
"0.0","0.0","0.0","0.0",,"1.0","1","0.0","0.0",,,,,,,"1.0","""VIPR2""","0.0","0.0011135857461024498","false","""VIPR2""","0.0"
"0.0","0.0","0.0","0.0",,"1.0","1","0.0","0.0",,,,,,,"1.0","""PTX3""","0.0","0.0011135857461024498","false","""PTX3""","0.0"
"0.0","0.0","0.0","0.0",,"1.0","1","0.0","0.0",,,,,,,"1.0","""PRG3""","0.0","0.0011135857461024498","false","""PRG3""","0.0"
"0.0","0.0","0.0","0.0",,"1.0","1","0.0","0.0",,,,,,,"1.0","""AOC1""","0.0","0.0011135857461024498","false","""AOC1""","0.0"
"0.0","0.0","0.0","0.0",,"1.0","1","0.0","0.0",,,,,,,"1.0","""HP""","0.0","0.0011135857461024498","false","""HP""","0.0"
"0.0","0.0","0.0","0.0",,"1.0","1","0.0","0.0",,,,,,,"1.0","""SNAP25""","0.0","0.0011135857461024498","false","""SNAP25""","0.0"
"0.0","0.0","0.0","0.0",,"3.0","3","0.0","0.0",,,,,,,"3.0","""PRF1""","0.0","0.0011135857461024498","false","""PRF1""","0.0"
"0.0","0.0","0.0","0.0",,"2.0","2","0.0","0.0",,,,,,,"2.0","""IL2RA""","0.0","0.0011135857461024498","false","""IL2RA""","0.0"
"0.0","0.0","0.0","0.0",,"2.0","2","0.0","0.0",,,,,,,"2.0","""CD8A""","0.0","0.0011135857461024498","false","""CD8A""","0.0"
"0.0","0.0","0.0","0.0",,"1.0","1","0.0","0.0",,,,,,,"1.0","""CCN2""","0.0","0.0011135857461024498","false","""CCN2""","0.0"
"0.0","0.0","0.0","0.0",,"1.0","1","0.0","0.0",,,,,,,"1.0","""GIPR""","0.0","0.0011135857461024498","false","""GIPR""","0.0"
"0.0","0.0","0.0","0.0",,"1.0","1","0.0","0.0",,,,,,,"1.0","""MAOA""","0.0","0.0011135857461024498","false","""MAOA""","0.0"
"0.0","0.0","0.0","0.0",,"1.0","1","0.0","0.0",,,,,,,"1.0","""BCAN""","0.0","0.0011135857461024498","false","""BCAN""","0.0"
"0.0","0.0","0.0","0.0",,"1.0","1","0.0","0.0",,,,,,,"1.0","""B3GAT1""","0.0","0.0011135857461024498","false","""B3GAT1""","0.0"
"0.0","0.0","0.0","0.0",,"1.0","1","0.0","0.0",,,,,,,"1.0","""HTR7""","0.0","0.0011135857461024498","false","""HTR7""","0.0"
"0.0","0.0","0.0","0.0",,"1.0","1","0.0","0.0",,,,,,,"1.0","""CALCRL""","0.0","0.0011135857461024498","false","""CALCRL""","0.0"
"0.0","0.0","0.0","0.0",,"1.0","1","0.0","0.0",,,,,,,"1.0","""RXFP2""","0.0","0.0011135857461024498","false","""RXFP2""","0.0"
"0.0","0.0","0.0","0.0",,"1.0","1","0.0","0.0",,,,,,,"1.0","""RXFP1""","0.0","0.0011135857461024498","false","""RXFP1""","0.0"
"0.0","0.0","0.0","0.0",,"1.0","1","0.0","0.0",,,,,,,"1.0","""ADM""","0.0","0.0011135857461024498","false","""ADM""","0.0"
"0.0","0.0","0.0","0.0",,"4.0","4","0.0","0.0",,,,,,,"4.0","""GPR39""","0.0","0.0011135857461024498","false","""GPR39""","0.0"
"0.0","0.0","0.0","0.0",,"1.0","1","0.0","0.0",,,,,,,"1.0","""CALCR""","0.0","0.0011135857461024498","false","""CALCR""","0.0"
"0.0","0.0","0.0","0.0",,"1.0","1","0.0","0.0",,,,,,,"1.0","""HTR6""","0.0","0.0011135857461024498","false","""HTR6""","0.0"
"0.0","0.0","0.0","0.0",,"1.0","1","0.0","0.0",,,,,,,"1.0","""GPR20""","0.0","0.0011135857461024498","false","""GPR20""","0.0"
"0.0","0.0","0.0","0.0",,"1.0","1","0.0","0.0",,,,,,,"1.0","""FSHB""","0.0","0.0011135857461024498","false","""FSHB""","0.0"
"0.0","0.0","0.0","0.0",,"1.0","1","0.0","0.0",,,,,,,"1.0","""RAMP1""","0.0","0.0011135857461024498","false","""RAMP1""","0.0"
"0.0","0.0","0.0","0.0",,"2.0","2","0.0","0.0",,,,,,,"2.0","""A2M""","0.0","0.0011135857461024498","false","""A2M""","0.0"
"0.0","0.0","0.0","0.0",,"1.0","1","0.0","0.0",,,,,,,"1.0","""CPLX1""","0.0","0.0011135857461024498","false","""CPLX1""","0.0"
"0.0","0.0","0.0","0.0",,"1.0","1","0.0","0.0",,,,,,,"1.0","""UNC13B""","0.0","0.0011135857461024498","false","""UNC13B""","0.0"
"0.0","0.0","0.0","0.0",,"1.0","1","0.0","0.0",,,,,,,"1.0","""NCAM1""","0.0","0.0011135857461024498","false","""NCAM1""","0.0"
"0.0","0.0","0.0","0.0",,"2.0","2","0.0","0.0",,,,,,,"2.0","""TEK""","0.0","0.0011135857461024498","false","""TEK""","0.0"
"0.0","0.0","0.0","0.0",,"1.0","1","0.0","0.0",,,,,,,"1.0","""CHSY3""","0.0","0.0011135857461024498","false","""CHSY3""","0.0"
"0.0","0.0","0.0","0.0",,"1.0","1","0.0","0.0",,,,,,,"1.0","""ARHGEF38""","0.0","0.0011135857461024498","false","""ARHGEF38""","0.0"
"0.0","0.0","0.0","0.0",,"1.0","1","0.0","0.0",,,,,,,"1.0","""ACTN2""","0.0","0.0011135857461024498","false","""ACTN2""","0.0"
"0.0","0.0","0.0","0.0",,"1.0","1","0.0","0.0",,,,,,,"1.0","""ADGRL2""","0.0","0.0011135857461024498","false","""ADGRL2""","0.0"
"0.0","0.0","0.0","0.0",,"2.0","2","0.0","0.0",,,,,,,"2.0","""TGFB2""","0.0","0.0011135857461024498","false","""TGFB2""","0.0"
"0.0","0.0","0.0","0.0",,"1.0","1","0.0","0.0",,,,,,,"1.0","""CMPK2""","0.0","0.0011135857461024498","false","""CMPK2""","0.0"
"0.0","0.0","0.0","0.0",,"1.0","1","0.0","0.0",,,,,,,"1.0","""CA3""","0.0","0.0011135857461024498","false","""CA3""","0.0"
"0.0","0.0","0.0","0.0",,"1.0","1","0.0","0.0",,,,,,,"1.0","""ABCB11""","0.0","0.0011135857461024498","false","""ABCB11""","0.0"
"0.0","0.0","0.0","0.0",,"1.0","1","0.0","0.0",,,,,,,"1.0","""HOXC5""","0.0","0.0011135857461024498","false","""HOXC5""","0.0"
"0.0","0.0","0.0","0.0",,"1.0","1","0.0","0.0",,,,,,,"1.0","""HOXB7""","0.0","0.0011135857461024498","false","""HOXB7""","0.0"
"0.0","0.0","0.0","0.0",,"1.0","1","0.0","0.0",,,,,,,"1.0","""HOXB5""","0.0","0.0011135857461024498","false","""HOXB5""","0.0"
"0.0","0.0","0.0","0.0",,"1.0","1","0.0","0.0",,,,,,,"1.0","""SEMA5B""","0.0","0.0011135857461024498","false","""SEMA5B""","0.0"
"0.0","0.0","0.0","0.0",,"1.0","1","0.0","0.0",,,,,,,"1.0","""SEMA3A""","0.0","0.0011135857461024498","false","""SEMA3A""","0.0"
"0.0","0.0","0.0","0.0",,"1.0","1","0.0","0.0",,,,,,,"1.0","""SEMA5A""","0.0","0.0011135857461024498","false","""SEMA5A""","0.0"
"0.0","0.0","0.0","0.0",,"1.0","1","0.0","0.0",,,,,,,"1.0","""OASL""","0.0","0.0011135857461024498","false","""OASL""","0.0"
"0.0","0.0","0.0","0.0",,"1.0","1","0.0","0.0",,,,,,,"1.0","""KLRK1""","0.0","0.0011135857461024498","false","""KLRK1""","0.0"
"0.0","0.0","0.0","0.0",,"1.0","1","0.0","0.0",,,,,,,"1.0","""KLRD1""","0.0","0.0011135857461024498","false","""KLRD1""","0.0"
"0.0","0.0","0.0","0.0",,"2.0","2","0.0","0.0",,,,,,,"2.0","""KLRC4-KLRK1""","0.0","0.0011135857461024498","false","""KLRC4-KLRK1""","0.0"
"0.0","0.0","0.0","0.0",,"1.0","1","0.0","0.0",,,,,,,"1.0","""COL5A1""","0.0","0.0011135857461024498","false","""COL5A1""","0.0"
"0.0","0.0","0.0","0.0",,"3.0","3","0.0","0.0",,,,,,,"3.0","""ERBB3""","0.0","0.0011135857461024498","false","""ERBB3""","0.0"
"0.0","0.0","0.0","0.0",,"1.0","1","0.0","0.0",,,,,,,"1.0","""LUM""","0.0","0.0011135857461024498","false","""LUM""","0.0"
"0.0","0.0","0.0","0.0",,"1.0","1","0.0","0.0",,,,,,,"1.0","""TMPRSS6""","0.0","0.0011135857461024498","false","""TMPRSS6""","0.0"
"0.0","0.0","0.0","0.0",,"2.0","2","0.0","0.0",,,,,,,"2.0","""BMP2""","0.0","0.0011135857461024498","false","""BMP2""","0.0"
"0.0","0.0","0.0","0.0",,"1.0","1","0.0","0.0",,,,,,,"1.0","""MMP1""","0.0","0.0011135857461024498","false","""MMP1""","0.0"
"0.0","0.0","0.0","0.0",,"2.0","2","0.0","0.0",,,,,,,"2.0","""ERBB4""","0.0","0.0011135857461024498","false","""ERBB4""","0.0"
"0.0","0.0","0.0","0.0",,"1.0","1","0.0","0.0",,,,,,,"1.0","""CCN4""","0.0","0.0011135857461024498","false","""CCN4""","0.0"
"0.0","0.0","-4.0","4.0",,"4.0","4","1.0","0.0",,,,,,,"0.0","""EEF1A2""","4.0","0.0011185682326621924","false","""EEF1A2""","0.0"
"0.0","0.0","0.0","0.0",,"1.0","1","0.0","0.0",,,,,,,"1.0","""RPL36A-HNRNPH2""","0.0","0.0011135857461024498","false","""RPL36A-HNRNPH2""","0.0"
"0.0","0.0","0.0","0.0",,"1.0","1","0.0","0.0",,,,,,,"1.0","""ENSG00000260342""","0.0","0.0011135857461024498","false","""ENSG00000260342""","0.0"
"0.0","0.0","0.0","0.0",,"1.0","1","0.0","0.0",,,,,,,"1.0","""WDR31""","0.0","0.0011135857461024498","false","""WDR31""","0.0"
"0.0","0.0","0.0","0.0",,"1.0","1","0.0","0.0",,,,,,,"1.0","""DHX58""","0.0","0.0011135857461024498","false","""DHX58""","0.0"
"0.0","0.0","0.0","0.0",,"1.0","1","0.0","0.0",,,,,,,"1.0","""HK3""","0.0","0.0011135857461024498","false","""HK3""","0.0"
"0.0","0.0","0.0","0.0",,"1.0","1","0.0","0.0",,,,,,,"1.0","""SYT12""","0.0","0.0011135857461024498","false","""SYT12""","0.0"
"0.0","0.0","0.0","0.0",,"3.0","3","0.0","0.0",,,,,,,"3.0","""PTGER1""","0.0","0.0011135857461024498","false","""PTGER1""","0.0"
"0.0","0.0","0.0","0.0",,"3.0","3","0.0","0.0",,,,,,,"3.0","""KISS1R""","0.0","0.0011135857461024498","false","""KISS1R""","0.0"
"0.0","0.0","0.0","0.0",,"3.0","3","0.0","0.0",,,,,,,"3.0","""QRFP""","0.0","0.0011135857461024498","false","""QRFP""","0.0"
"0.0","0.0","0.0","0.0",,"3.0","3","0.0","0.0",,,,,,,"3.0","""EDNRB""","0.0","0.0011135857461024498","false","""EDNRB""","0.0"
"0.0","0.0","0.0","0.0",,"3.0","3","0.0","0.0",,,,,,,"3.0","""HRH1""","0.0","0.0011135857461024498","false","""HRH1""","0.0"
"0.0","0.0","0.0","0.0",,"3.0","3","0.0","0.0",,,,,,,"3.0","""F2R""","0.0","0.0011135857461024498","false","""F2R""","0.0"
"0.0","0.0","0.0","0.0",,"3.0","3","0.0","0.0",,,,,,,"3.0","""TAC3""","0.0","0.0011135857461024498","false","""TAC3""","0.0"
"0.0","0.0","0.0","0.0",,"3.0","3","0.0","0.0",,,,,,,"3.0","""CHRM3""","0.0","0.0011135857461024498","false","""CHRM3""","0.0"
"0.0","0.0","0.0","0.0",,"3.0","3","0.0","0.0",,,,,,,"3.0","""CYSLTR2""","0.0","0.0011135857461024498","false","""CYSLTR2""","0.0"
"0.0","0.0","0.0","0.0",,"3.0","3","0.0","0.0",,,,,,,"3.0","""FFAR3""","0.0","0.0011135857461024498","false","""FFAR3""","0.0"
"0.0","0.0","0.0","0.0",,"3.0","3","0.0","0.0",,,,,,,"3.0","""HTR2A""","0.0","0.0011135857461024498","false","""HTR2A""","0.0"
"0.0","0.0","0.0","0.0",,"3.0","3","0.0","0.0",,,,,,,"3.0","""NPFFR1""","0.0","0.0011135857461024498","false","""NPFFR1""","0.0"
"0.0","0.0","0.0","0.0",,"3.0","3","0.0","0.0",,,,,,,"3.0","""AVPR1B""","0.0","0.0011135857461024498","false","""AVPR1B""","0.0"
"0.0","0.0","0.0","0.0",,"3.0","3","0.0","0.0",,,,,,,"3.0","""PTGFR""","0.0","0.0011135857461024498","false","""PTGFR""","0.0"
"0.0","0.0","0.0","0.0",,"3.0","3","0.0","0.0",,,,,,,"3.0","""PROK1""","0.0","0.0011135857461024498","false","""PROK1""","0.0"
"0.0","0.0","0.0","0.0",,"3.0","3","0.0","0.0",,,,,,,"3.0","""HCRT""","0.0","0.0011135857461024498","false","""HCRT""","0.0"
"0.0","0.0","0.0","0.0",,"3.0","3","0.0","0.0",,,,,,,"3.0","""GHSR""","0.0","0.0011135857461024498","false","""GHSR""","0.0"
"0.0","0.0","0.0","0.0",,"3.0","3","0.0","0.0",,,,,,,"3.0","""UTS2R""","0.0","0.0011135857461024498","false","""UTS2R""","0.0"
"0.0","0.0","0.0","0.0",,"3.0","3","0.0","0.0",,,,,,,"3.0","""GNRHR""","0.0","0.0011135857461024498","false","""GNRHR""","0.0"
"0.0","0.0","0.0","0.0",,"3.0","3","0.0","0.0",,,,,,,"3.0","""EDN3""","0.0","0.0011135857461024498","false","""EDN3""","0.0"
"0.0","0.0","0.0","0.0",,"1.0","1","0.0","0.0",,,,,,,"1.0","""SRGAP3""","0.0","0.0011135857461024498","false","""SRGAP3""","0.0"
"0.0","0.0","0.0","0.0",,"1.0","1","0.0","0.0",,,,,,,"1.0","""NDN""","0.0","0.0011135857461024498","false","""NDN""","0.0"
"0.0","0.0","0.0","0.0",,"1.0","1","0.0","0.0",,,,,,,"1.0","""NEUROD1""","0.0","0.0011135857461024498","false","""NEUROD1""","0.0"
"0.0","0.0","0.0","0.0",,"1.0","1","0.0","0.0",,,,,,,"1.0","""PMP22""","0.0","0.0011135857461024498","false","""PMP22""","0.0"
"0.0","0.0","0.0","0.0",,"1.0","1","0.0","0.0",,,,,,,"1.0","""ARHGEF17""","0.0","0.0011135857461024498","false","""ARHGEF17""","0.0"
"0.0","0.0","-3.0","3.0",,"3.0","3","1.0","0.0",,,,,,,"0.0","""CRYBB1""","3.0","0.0011173184357541898","false","""CRYBB1""","0.0"
"0.0","0.0","0.0","0.0",,"1.0","1","0.0","0.0",,,,,,,"1.0","""GJA3""","0.0","0.0011135857461024498","false","""GJA3""","0.0"
"0.0","0.0","0.0","0.0",,"1.0","1","0.0","0.0",,,,,,,"1.0","""RAB44""","0.0","0.0011135857461024498","false","""RAB44""","0.0"
"0.0","0.0","0.0","0.0",,"2.0","2","0.0","0.0",,,,,,,"2.0","""FASLG""","0.0","0.0011135857461024498","false","""FASLG""","0.0"
"0.0","0.0","0.0","0.0",,"1.0","1","0.0","0.0",,,,,,,"1.0","""KLRB1""","0.0","0.0011135857461024498","false","""KLRB1""","0.0"
"0.0","0.0","0.0","0.0",,"1.0","1","0.0","0.0",,,,,,,"1.0","""IL3RA""","0.0","0.0011135857461024498","false","""IL3RA""","0.0"
"0.0","0.0","0.0","0.0",,"1.0","1","0.0","0.0",,,,,,,"1.0","""TRPV5""","0.0","0.0011135857461024498","false","""TRPV5""","0.0"
"0.0","0.0","0.0","0.0",,"1.0","1","0.0","0.0",,,,,,,"1.0","""PKD1L3""","0.0","0.0011135857461024498","false","""PKD1L3""","0.0"
"0.0","0.0","0.0","0.0",,"1.0","1","0.0","0.0",,,,,,,"1.0","""CALHM1""","0.0","0.0011135857461024498","false","""CALHM1""","0.0"
"0.0","0.0","0.0","0.0",,"1.0","1","0.0","0.0",,,,,,,"1.0","""GC""","0.0","0.0011135857461024498","false","""GC""","0.0"
"0.0","0.0","-1.0","1.0",,"1.0","1","1.0","0.0",,,,,,,"0.0","""LMCD1""","1.0","0.0011148272017837235","false","""LMCD1""","0.0"
"0.0","0.0","0.0","0.0",,"1.0","1","0.0","0.0",,,,,,,"1.0","""GATA6""","0.0","0.0011135857461024498","false","""GATA6""","0.0"
"0.0","0.0","0.0","0.0",,"1.0","1","0.0","0.0",,,,,,,"1.0","""STRIP2""","0.0","0.0011135857461024498","false","""STRIP2""","0.0"
"0.0","0.0","0.0","0.0",,"1.0","1","0.0","0.0",,,,,,,"1.0","""CTTNBP2NL""","0.0","0.0011135857461024498","false","""CTTNBP2NL""","0.0"
"0.0","0.0","0.0","0.0",,"1.0","1","0.0","0.0",,,,,,,"1.0","""KITLG""","0.0","0.0011135857461024498","false","""KITLG""","0.0"
"0.0","0.0","0.0","0.0",,"1.0","1","0.0","0.0",,,,,,,"1.0","""MX1""","0.0","0.0011135857461024498","false","""MX1""","0.0"
"0.0","0.0","0.0","0.0",,"1.0","1","0.0","0.0",,,,,,,"1.0","""SOCS1""","0.0","0.0011135857461024498","false","""SOCS1""","0.0"
"0.0","0.0","0.0","0.0",,"1.0","1","0.0","0.0",,,,,,,"1.0","""TNFRSF21""","0.0","0.0011135857461024498","false","""TNFRSF21""","0.0"
"0.0","0.0","0.0","0.0",,"1.0","1","0.0","0.0",,,,,,,"1.0","""IL23R""","0.0","0.0011135857461024498","false","""IL23R""","0.0"
"0.0","0.0","0.0","0.0",,"1.0","1","0.0","0.0",,,,,,,"1.0","""SEMA6D""","0.0","0.0011135857461024498","false","""SEMA6D""","0.0"
"0.0","0.0","0.0","0.0",,"1.0","1","0.0","0.0",,,,,,,"1.0","""ACTN3""","0.0","0.0011135857461024498","false","""ACTN3""","0.0"
"0.0","0.0","0.0","0.0",,"1.0","1","0.0","0.0",,,,,,,"1.0","""MYOZ1""","0.0","0.0011135857461024498","false","""MYOZ1""","0.0"
"0.0","0.0","0.0","0.0",,"1.0","1","0.0","0.0",,,,,,,"1.0","""TNNT3""","0.0","0.0011135857461024498","false","""TNNT3""","0.0"
"0.0","0.0","0.0","0.0",,"1.0","1","0.0","0.0",,,,,,,"1.0","""SERPING1""","0.0","0.0011135857461024498","false","""SERPING1""","0.0"
"0.0","0.0","0.0","0.0",,"2.0","2","0.0","0.0",,,,,,,"2.0","""SOCS3""","0.0","0.0011135857461024498","false","""SOCS3""","0.0"
"0.0","0.0","-1.0","1.0",,"1.0","1","1.0","0.0",,,,,,,"0.0","""PDZD4""","1.0","0.0011148272017837235","false","""PDZD4""","0.0"
"0.0","0.0","0.0","0.0",,"1.0","1","0.0","0.0",,,,,,,"1.0","""BCAM""","0.0","0.0011135857461024498","false","""BCAM""","0.0"
"0.0","0.0","-3.0","3.0",,"3.0","3","1.0","0.0",,,,,,,"0.0","""NEFM""","3.0","0.0011173184357541898","false","""NEFM""","0.0"
"0.0","0.0","0.0","0.0",,"1.0","1","0.0","0.0",,,,,,,"1.0","""NES""","0.0","0.0011135857461024498","false","""NES""","0.0"
"0.0","0.0","0.0","0.0",,"2.0","2","0.0","0.0",,,,,,,"2.0","""FGF10""","0.0","0.0011135857461024498","false","""FGF10""","0.0"
"0.0","0.0","-3.0","3.0",,"3.0","3","1.0","0.0",,,,,,,"0.0","""UPK3A""","3.0","0.0011173184357541898","false","""UPK3A""","0.0"
"0.0","0.0","0.0","0.0",,"1.0","1","0.0","0.0",,,,,,,"1.0","""UPK3B""","0.0","0.0011135857461024498","false","""UPK3B""","0.0"
"0.0","0.0","0.0","0.0",,"1.0","1","0.0","0.0",,,,,,,"1.0","""UPK1B""","0.0","0.0011135857461024498","false","""UPK1B""","0.0"
"0.0","0.0","0.0","0.0",,"1.0","1","0.0","0.0",,,,,,,"1.0","""UPK2""","0.0","0.0011135857461024498","false","""UPK2""","0.0"
"0.0","0.0","0.0","0.0",,"1.0","1","0.0","0.0",,,,,,,"1.0","""FGB""","0.0","0.0011135857461024498","false","""FGB""","0.0"
"0.0","0.0","-2.0","2.0",,"2.0","2","1.0","0.0",,,,,,,"0.0","""TFPI2""","2.0","0.0011160714285714285","false","""TFPI2""","0.0"
"0.0","0.0","0.0","0.0",,"1.0","1","0.0","0.0",,,,,,,"1.0","""KLKB1""","0.0","0.0011135857461024498","false","""KLKB1""","0.0"
"0.0","0.0","0.0","0.0",,"2.0","2","0.0","0.0",,,,,,,"2.0","""ANOS1""","0.0","0.0011135857461024498","false","""ANOS1""","0.0"
"0.0","0.0","0.0","0.0",,"1.0","1","0.0","0.0",,,,,,,"1.0","""KLB""","0.0","0.0011135857461024498","false","""KLB""","0.0"
"0.0","0.0","0.0","0.0",,"1.0","1","0.0","0.0",,,,,,,"1.0","""CNTF""","0.0","0.0011135857461024498","false","""CNTF""","0.0"
"0.0","0.0","0.0","0.0",,"2.0","2","0.0","0.0",,,,,,,"2.0","""EOMES""","0.0","0.0011135857461024498","false","""EOMES""","0.0"
"0.0","0.0","0.0","0.0",,"2.0","2","0.0","0.0",,,,,,,"2.0","""FGFR4""","0.0","0.0011135857461024498","false","""FGFR4""","0.0"
"0.0","0.0","0.0","0.0",,"1.0","1","0.0","0.0",,,,,,,"1.0","""ANGPT1""","0.0","0.0011135857461024498","false","""ANGPT1""","0.0"
"0.0","0.0","0.0","0.0",,"1.0","1","0.0","0.0",,,,,,,"1.0","""LIF""","0.0","0.0011135857461024498","false","""LIF""","0.0"
"0.0","0.0","0.0","0.0",,"1.0","1","0.0","0.0",,,,,,,"1.0","""HERC5""","0.0","0.0011135857461024498","false","""HERC5""","0.0"
"0.0","0.0","0.0","0.0",,"1.0","1","0.0","0.0",,,,,,,"1.0","""SOCS2""","0.0","0.0011135857461024498","false","""SOCS2""","0.0"
"0.0","0.0","0.0","0.0",,"1.0","1","0.0","0.0",,,,,,,"1.0","""HERC6""","0.0","0.0011135857461024498","false","""HERC6""","0.0"
"0.0","0.0","0.0","0.0",,"1.0","1","0.0","0.0",,,,,,,"1.0","""STARD13""","0.0","0.0011135857461024498","false","""STARD13""","0.0"
"0.0","0.0","0.0","0.0",,"1.0","1","0.0","0.0",,,,,,,"1.0","""BEX1""","0.0","0.0011135857461024498","false","""BEX1""","0.0"
"0.0","0.0","0.0","0.0",,"2.0","2","0.0","0.0",,,,,,,"2.0","""UNC5C""","0.0","0.0011135857461024498","false","""UNC5C""","0.0"
"0.0","0.0","-1.0","1.0",,"1.0","1","1.0","0.0",,,,,,,"0.0","""RHOXF1""","1.0","0.0011148272017837235","false","""RHOXF1""","0.0"
"0.0","0.0","0.0","0.0",,"1.0","1","0.0","0.0",,,,,,,"1.0","""ANKK1""","0.0","0.0011135857461024498","false","""ANKK1""","0.0"
"0.0","0.0","0.0","0.0",,"1.0","1","0.0","0.0",,,,,,,"1.0","""HCN2""","0.0","0.0011135857461024498","false","""HCN2""","0.0"
"0.0","0.0","0.0","0.0",,"2.0","2","0.0","0.0",,,,,,,"2.0","""TSLP""","0.0","0.0011135857461024498","false","""TSLP""","0.0"
"0.0","0.0","0.0","0.0",,"3.0","3","0.0","0.0",,,,,,,"3.0","""KLRG1""","0.0","0.0011135857461024498","false","""KLRG1""","0.0"
"0.0","0.0","0.0","0.0",,"1.0","1","0.0","0.0",,,,,,,"1.0","""GNLY""","0.0","0.0011135857461024498","false","""GNLY""","0.0"
"0.0","0.0","0.0","0.0",,"1.0","1","0.0","0.0",,,,,,,"1.0","""IL12RB2""","0.0","0.0011135857461024498","false","""IL12RB2""","0.0"
"0.0","0.0","0.0","0.0",,"1.0","1","0.0","0.0",,,,,,,"1.0","""CYP7A1""","0.0","0.0011135857461024498","false","""CYP7A1""","0.0"
"0.0","0.0","0.0","0.0",,"1.0","1","0.0","0.0",,,,,,,"1.0","""F3""","0.0","0.0011135857461024498","false","""F3""","0.0"
"0.0","0.0","-1.0","1.0",,"1.0","1","1.0","0.0",,,,,,,"0.0","""CEBPE""","1.0","0.0011148272017837235","false","""CEBPE""","0.0"
"0.0","0.0","0.0","0.0",,"1.0","1","0.0","0.0",,,,,,,"1.0","""MYB""","0.0","0.0011135857461024498","false","""MYB""","0.0"
"0.0","0.0","0.0","0.0",,"1.0","1","0.0","0.0",,,,,,,"1.0","""MMRN1""","0.0","0.0011135857461024498","false","""MMRN1""","0.0"
"0.0","0.0","-2.0","2.0",,"2.0","2","1.0","0.0",,,,,,,"0.0","""SMPD3""","2.0","0.0011160714285714285","false","""SMPD3""","0.0"
"0.0","0.0","0.0","0.0",,"1.0","1","0.0","0.0",,,,,,,"1.0","""ENPP7""","0.0","0.0011135857461024498","false","""ENPP7""","0.0"
"0.0","0.0","0.0","0.0",,"1.0","1","0.0","0.0",,,,,,,"1.0","""EIF2AK2""","0.0","0.0011135857461024498","false","""EIF2AK2""","0.0"
"0.0","0.0","0.0","0.0",,"1.0","1","0.0","0.0",,,,,,,"1.0","""PIGR""","0.0","0.0011135857461024498","false","""PIGR""","0.0"
"0.0","0.0","-1.0","1.0",,"1.0","1","1.0","0.0",,,,,,,"0.0","""ADAM11""","1.0","0.0011148272017837235","false","""ADAM11""","0.0"
"0.0","0.0","0.0","0.0",,"1.0","1","0.0","0.0",,,,,,,"1.0","""LGI4""","0.0","0.0011135857461024498","false","""LGI4""","0.0"
"0.0","0.0","0.0","0.0",,"1.0","1","0.0","0.0",,,,,,,"1.0","""SLCO1A2""","0.0","0.0011135857461024498","false","""SLCO1A2""","0.0"
"0.0","0.0","0.0","0.0",,"1.0","1","0.0","0.0",,,,,,,"1.0","""ARHGEF10""","0.0","0.0011135857461024498","false","""ARHGEF10""","0.0"
"0.0","0.0","0.0","0.0",,"1.0","1","0.0","0.0",,,,,,,"1.0","""IFI27""","0.0","0.0011135857461024498","false","""IFI27""","0.0"
"0.0","0.0","-1.0","1.0",,"1.0","1","1.0","0.0",,,,,,,"0.0","""KCND1""","1.0","0.0011148272017837235","false","""KCND1""","0.0"
"0.0","0.0","0.0","0.0",,"1.0","1","0.0","0.0",,,,,,,"1.0","""KCNIP1""","0.0","0.0011135857461024498","false","""KCNIP1""","0.0"
"0.0","0.0","0.0","0.0",,"1.0","1","0.0","0.0",,,,,,,"1.0","""NBL1""","0.0","0.0011135857461024498","false","""NBL1""","0.0"
"0.0","0.0","0.0","0.0",,"1.0","1","0.0","0.0",,,,,,,"1.0","""LIFR""","0.0","0.0011135857461024498","false","""LIFR""","0.0"
"0.0","0.0","0.0","0.0",,"1.0","1","0.0","0.0",,,,,,,"1.0","""IL5RA""","0.0","0.0011135857461024498","false","""IL5RA""","0.0"
"0.0","0.0","0.0","0.0",,"1.0","1","0.0","0.0",,,,,,,"1.0","""PRLR""","0.0","0.0011135857461024498","false","""PRLR""","0.0"
"0.0","0.0","0.0","0.0",,"1.0","1","0.0","0.0",,,,,,,"1.0","""MESP2""","0.0","0.0011135857461024498","false","""MESP2""","0.0"
"0.0","0.0","0.0","0.0",,"1.0","1","0.0","0.0",,,,,,,"1.0","""CERS3""","0.0","0.0011135857461024498","false","""CERS3""","0.0"
"0.0","0.0","0.0","0.0",,"1.0","1","0.0","0.0",,,,,,,"1.0","""AKR1B10""","0.0","0.0011135857461024498","false","""AKR1B10""","0.0"
"0.0","0.0","0.0","0.0",,"1.0","1","0.0","0.0",,,,,,,"1.0","""RTP4""","0.0","0.0011135857461024498","false","""RTP4""","0.0"
"0.0","0.0","0.0","0.0",,"1.0","1","0.0","0.0",,,,,,,"1.0","""GCKR""","0.0","0.0011135857461024498","false","""GCKR""","0.0"
"0.0","0.0","0.0","0.0",,"1.0","1","0.0","0.0",,,,,,,"1.0","""NEFL""","0.0","0.0011135857461024498","false","""NEFL""","0.0"
"0.0","0.0","0.0","0.0",,"1.0","1","0.0","0.0",,,,,,,"1.0","""PROS1""","0.0","0.0011135857461024498","false","""PROS1""","0.0"
"0.0","0.0","0.0","0.0",,"1.0","1","0.0","0.0",,,,,,,"1.0","""OAS1""","0.0","0.0011135857461024498","false","""OAS1""","0.0"
"0.0","0.0","0.0","0.0",,"1.0","1","0.0","0.0",,,,,,,"1.0","""OAS3""","0.0","0.0011135857461024498","false","""OAS3""","0.0"
"0.0","0.0","0.0","0.0",,"1.0","1","0.0","0.0",,,,,,,"1.0","""IFI44""","0.0","0.0011135857461024498","false","""IFI44""","0.0"
"0.0","0.0","0.0","0.0",,"1.0","1","0.0","0.0",,,,,,,"1.0","""RSAD2""","0.0","0.0011135857461024498","false","""RSAD2""","0.0"
"0.0","0.0","0.0","0.0",,"1.0","1","0.0","0.0",,,,,,,"1.0","""OAS2""","0.0","0.0011135857461024498","false","""OAS2""","0.0"
"0.0","0.0","0.0","0.0",,"1.0","1","0.0","0.0",,,,,,,"1.0","""IFI6""","0.0","0.0011135857461024498","false","""IFI6""","0.0"
"0.0","0.0","0.0","0.0",,"1.0","1","0.0","0.0",,,,,,,"1.0","""IFIT2""","0.0","0.0011135857461024498","false","""IFIT2""","0.0"
"0.0","0.0","0.0","0.0",,"1.0","1","0.0","0.0",,,,,,,"1.0","""XAF1""","0.0","0.0011135857461024498","false","""XAF1""","0.0"
"0.0","0.0","0.0","0.0",,"1.0","1","0.0","0.0",,,,,,,"1.0","""IFI35""","0.0","0.0011135857461024498","false","""IFI35""","0.0"
"0.0","0.0","0.0","0.0",,"1.0","1","0.0","0.0",,,,,,,"1.0","""USP41""","0.0","0.0011135857461024498","false","""USP41""","0.0"
"0.0","0.0","0.0","0.0",,"1.0","1","0.0","0.0",,,,,,,"1.0","""IFI44L""","0.0","0.0011135857461024498","false","""IFI44L""","0.0"
"0.0","0.0","0.0","0.0",,"1.0","1","0.0","0.0",,,,,,,"1.0","""IFIT1""","0.0","0.0011135857461024498","false","""IFIT1""","0.0"
"0.0","0.0","0.0","0.0",,"1.0","1","0.0","0.0",,,,,,,"1.0","""CRYAB""","0.0","0.0011135857461024498","false","""CRYAB""","0.0"
"0.0","0.0","0.0","0.0",,"1.0","1","0.0","0.0",,,,,,,"1.0","""MIP""","0.0","0.0011135857461024498","false","""MIP""","0.0"
"0.0","0.0","0.0","0.0",,"1.0","1","0.0","0.0",,,,,,,"1.0","""ENTPD3""","0.0","0.0011135857461024498","false","""ENTPD3""","0.0"
"0.0","0.0","0.0","0.0",,"1.0","1","0.0","0.0",,,,,,,"1.0","""PTGDS""","0.0","0.0011135857461024498","false","""PTGDS""","0.0"
"0.0","0.0","0.0","0.0",,"1.0","1","0.0","0.0",,,,,,,"1.0","""CYP27B1""","0.0","0.0011135857461024498","false","""CYP27B1""","0.0"
"0.0","0.0","0.0","0.0",,"1.0","1","0.0","0.0",,,,,,,"1.0","""CA5A""","0.0","0.0011135857461024498","false","""CA5A""","0.0"
"0.0","0.0","0.0","0.0",,"1.0","1","0.0","0.0",,,,,,,"1.0","""CHN1""","0.0","0.0011135857461024498","false","""CHN1""","0.0"
"0.0","0.0","0.0","0.0",,"1.0","1","0.0","0.0",,,,,,,"1.0","""PAPSS2""","0.0","0.0011135857461024498","false","""PAPSS2""","0.0"
"0.0","0.0","0.0","0.0",,"1.0","1","0.0","0.0",,,,,,,"1.0","""ARHGEF4""","0.0","0.0011135857461024498","false","""ARHGEF4""","0.0"
"0.0","0.0","0.0","0.0",,"1.0","1","0.0","0.0",,,,,,,"1.0","""ARHGAP31""","0.0","0.0011135857461024498","false","""ARHGAP31""","0.0"
"0.0","0.0","0.0","0.0",,"1.0","1","0.0","0.0",,,,,,,"1.0","""ARHGAP39""","0.0","0.0011135857461024498","false","""ARHGAP39""","0.0"
"0.0","0.0","0.0","0.0",,"1.0","1","0.0","0.0",,,,,,,"1.0","""ARHGAP20""","0.0","0.0011135857461024498","false","""ARHGAP20""","0.0"
"0.0","0.0","0.0","0.0",,"1.0","1","0.0","0.0",,,,,,,"1.0","""ARHGEF15""","0.0","0.0011135857461024498","false","""ARHGEF15""","0.0"
"0.0","0.0","0.0","0.0",,"1.0","1","0.0","0.0",,,,,,,"1.0","""ARHGEF28""","0.0","0.0011135857461024498","false","""ARHGEF28""","0.0"
"0.0","0.0","0.0","0.0",,"2.0","2","0.0","0.0",,,,,,,"2.0","""DKK2""","0.0","0.0011135857461024498","false","""DKK2""","0.0"
"0.0","0.0","0.0","0.0",,"1.0","1","0.0","0.0",,,,,,,"1.0","""DKK3""","0.0","0.0011135857461024498","false","""DKK3""","0.0"
"0.0","0.0","-1.0","1.0",,"1.0","1","1.0","0.0",,,,,,,"0.0","""APLP1""","1.0","0.0011148272017837235","false","""APLP1""","0.0"
"0.0","0.0","0.0","0.0",,"1.0","1","0.0","0.0",,,,,,,"1.0","""APBA1""","0.0","0.0011135857461024498","false","""APBA1""","0.0"
